id;name;description;rating;url
1;Steel;Assistant;57374;https://gianni.biz
2;Consultant wireless Computer;reboot magenta THX;6602;https://lysanne.com
3;Centers Metal navigating;partnerships Infrastructure;91058;https://rhianna.biz
4;withdrawal green;Bedfordshire Lao neutral;4184;http://daron.com
5;Computer CFP orange;Village;95487;http://lacey.org
6;auxiliary;COM Implementation Awesome;52784;http://jarret.name
7;Rubber Chips;Keyboard;88935;http://andreanne.com
8;tangible;Cheese Renminbi;33734;https://orville.name
9;Underpass project hacking;Arizona mobile;44109;https://demario.org
10;Data;sticky Harbors Automotive;41021;https://alvena.com
